filename,width,height,class,xmin,ymin,xmax,ymax
IMG_8754_JPG.rf.168df29cfd00b576033129bac488eb18.jpg,640,640,Right-Turn,240,343,618,478
IMG_8754_JPG.rf.168df29cfd00b576033129bac488eb18.jpg,640,640,straight,96,275,254,466
IMG_8786_JPG.rf.1592b0bdaa787127e844ca0bf60f1859.jpg,640,640,unexpected,10,0,640,640
IMG_8774_JPG.rf.31ace7bffdd516560e10b6b31f951858.jpg,640,640,Right-Turn,529,205,640,366
IMG_8774_JPG.rf.31ace7bffdd516560e10b6b31f951858.jpg,640,640,Left-Turn,65,256,225,338
IMG_8774_JPG.rf.31ace7bffdd516560e10b6b31f951858.jpg,640,640,straight,361,180,462,380
IMG_8735_JPG.rf.2ad824ce694a02421046afd9fe5a0e2e.jpg,640,640,Right-Turn,158,307,497,557
IMG_8735_JPG.rf.2ad824ce694a02421046afd9fe5a0e2e.jpg,640,640,straight,0,260,214,473
IMG_8734_JPG.rf.09437315b9b166580eb982b5010da714.jpg,640,640,straight,272,258,341,574
IMG_8734_JPG.rf.09437315b9b166580eb982b5010da714.jpg,640,640,Left-Turn,156,284,258,335
IMG_8742_JPG.rf.37bc32dd17e7774be7073b03a64582fb.jpg,640,640,Right-Turn,127,296,579,577
IMG_8742_JPG.rf.37bc32dd17e7774be7073b03a64582fb.jpg,640,640,straight,36,240,113,577
IMG_8789_JPG.rf.25d5ad4ecbb4c856fa0b05bf8d7be3ed.jpg,640,640,straight,25,217,266,418
IMG_8789_JPG.rf.25d5ad4ecbb4c856fa0b05bf8d7be3ed.jpg,640,640,Right-Turn,254,325,444,565
IMG_8731_JPG.rf.11bc5e07ff5fa643e0fe6d65e72c6ab6.jpg,640,640,straight,234,233,466,640
WhatsApp-Image-2023-09-23-at-3-13-32-PM_jpeg.rf.0632f0e6fd66ba11c467c0c079f928f0.jpg,640,640,straight,252,234,337,375
WhatsApp-Image-2023-09-23-at-3-13-36-PM-3-_jpeg.rf.0e4e87acd3af3aeaed6868327ab2cb1b.jpg,640,640,Left-Turn,217,293,377,384
WhatsApp-Image-2023-09-23-at-3-13-35-PM-4-_jpeg.rf.0f5336b41723b7c6f3fa7fb799c42ca1.jpg,640,640,Right-Turn,314,262,551,350
IMG_8758_JPG.rf.0db83d7e6d9d41c2c963d1126033bd7a.jpg,640,640,Right-Turn,164,243,486,603
IMG_8758_JPG.rf.0db83d7e6d9d41c2c963d1126033bd7a.jpg,640,640,straight,94,209,327,468
IMG_8729_JPG.rf.2160c28b3baceea411c227bf0453410f.jpg,640,640,Right-Turn,180,333,592,640
IMG_8729_JPG.rf.2160c28b3baceea411c227bf0453410f.jpg,640,640,straight,4,240,221,442
IMG_8773_JPG.rf.155ac9c06f9bfd97dc973cfeea2c4647.jpg,640,640,unexpected,4,4,640,640
IMG_8788_JPG.rf.2818daec156bc65761128be166c05238.jpg,640,640,Left-Turn,77,307,358,523
IMG_8788_JPG.rf.2818daec156bc65761128be166c05238.jpg,640,640,straight,363,179,523,488
IMG_8725_JPG.rf.143bfcbf49dbc0e2cf5840637277ebcb.jpg,640,640,Right-Turn,258,240,549,432
IMG_8725_JPG.rf.143bfcbf49dbc0e2cf5840637277ebcb.jpg,640,640,straight,133,168,341,421
IMG_8787_JPG.rf.3aea94d9433c378ed8d2e04f937dfa98.jpg,640,640,Left-Turn,1,285,335,450
IMG_8787_JPG.rf.3aea94d9433c378ed8d2e04f937dfa98.jpg,640,640,straight,431,179,544,483
IMG_8785_JPG.rf.3d4ebaf3c1f2ffa6bc5d61ae1ee85eed.jpg,640,640,straight,316,152,345,311
WhatsApp-Image-2023-09-23-at-3-13-34-PM-2-_jpeg.rf.3fc8d735f40a9edb003afaaf21d2c5b3.jpg,640,640,Right-Turn,208,228,495,388
IMG_8745_JPG.rf.533ba7f17f5ed7161c40ceab287afc57.jpg,640,640,unexpected,3,3,640,640
IMG_8723_JPG.rf.54b618f69034b206b1d913178c109a96.jpg,640,640,Left-Turn,0,311,309,575
IMG_8723_JPG.rf.54b618f69034b206b1d913178c109a96.jpg,640,640,straight,368,251,589,467
IMG_8755_JPG.rf.65016c0a1879e345c7b3894a410a4354.jpg,640,640,Left-Turn,10,304,354,425
IMG_8755_JPG.rf.65016c0a1879e345c7b3894a410a4354.jpg,640,640,straight,319,259,637,424
IMG_8763_JPG.rf.44ef872a0ce0f959945e5202fb78e1de.jpg,640,640,Left-Turn,0,274,211,510
IMG_8763_JPG.rf.44ef872a0ce0f959945e5202fb78e1de.jpg,640,640,straight,374,253,465,525
IMG_8753_JPG.rf.5a934ad0d62fb388236128e3d2b490f7.jpg,640,640,straight,300,236,501,534
IMG_8756_JPG.rf.55d70f712f3e92ff52aa1f71024bd561.jpg,640,640,Left-Turn,55,104,516,569
IMG_8768_JPG.rf.5970052ac815f60945918bd24bc2b1d1.jpg,640,640,Right-Turn,265,323,628,579
IMG_8768_JPG.rf.5970052ac815f60945918bd24bc2b1d1.jpg,640,640,straight,191,209,276,317
IMG_8764_JPG.rf.66f12329c5a6afe3ea9788d2f801a29b.jpg,640,640,straight,317,192,392,471
WhatsApp-Image-2023-09-23-at-3-13-34-PM-1-_jpeg.rf.47d90435592d865c9c7239d49f52dd07.jpg,640,640,Right-Turn,306,223,435,251
IMG_8762_JPG.rf.43266983bed6f0cbc7fa991d3089b17c.jpg,640,640,Right-Turn,384,248,551,430
IMG_8762_JPG.rf.43266983bed6f0cbc7fa991d3089b17c.jpg,640,640,Left-Turn,18,259,341,417
WhatsApp-Image-2023-09-23-at-3-13-32-PM-1-_jpeg.rf.82de918c90d6b6d38841cd9fd79db046.jpg,640,640,straight,194,256,468,510
IMG_8719_JPG.rf.648a41d9bc43e6b5497ebee5b170e7c2.jpg,640,640,straight,235,267,322,514
IMG_8719_JPG.rf.648a41d9bc43e6b5497ebee5b170e7c2.jpg,640,640,Right-Turn,275,354,568,554
WhatsApp-Image-2023-09-23-at-3-13-33-PM-4-_jpeg.rf.6e0e7ee331ff18fee45447f8263c0a3a.jpg,640,640,Left-Turn,184,273,225,293
IMG_8736_JPG.rf.696c531623d72f4f676d2b5f803fe31d.jpg,640,640,Left-Turn,91,331,481,456
IMG_8736_JPG.rf.696c531623d72f4f676d2b5f803fe31d.jpg,640,640,straight,304,217,483,403
IMG_8726_JPG.rf.77f250bbcca939f664c59f3147575c40.jpg,640,640,Right-Turn,154,314,552,517
IMG_8726_JPG.rf.77f250bbcca939f664c59f3147575c40.jpg,640,640,straight,0,265,309,584
IMG_8772_JPG.rf.7a7ef742660b448b06f56828abb07a07.jpg,640,640,unexpected,1,2,640,640
IMG_8761_JPG.rf.68308f19bae8b4a809ff519bfa5174c0.jpg,640,640,unexpected,0,2,640,640
WhatsApp-Image-2023-09-23-at-3-13-35-PM-2-_jpeg.rf.8bdff8077d2ef55a6f925848b4e7bab9.jpg,640,640,Left-Turn,150,208,230,309
IMG_8776_JPG.rf.84fe53859187c57ea8b4fe4a27cbce2b.jpg,640,640,straight,285,196,348,326
IMG_8776_JPG.rf.84fe53859187c57ea8b4fe4a27cbce2b.jpg,640,640,Left-Turn,0,286,23,559
IMG_8776_JPG.rf.84fe53859187c57ea8b4fe4a27cbce2b.jpg,640,640,Right-Turn,509,261,637,542
IMG_8718_JPG.rf.757f93e74cac383546d9662fe3a71247.jpg,640,640,Right-Turn,147,314,578,624
IMG_8718_JPG.rf.757f93e74cac383546d9662fe3a71247.jpg,640,640,straight,48,257,269,537
WhatsApp-Image-2023-09-23-at-3-13-33-PM-3-_jpeg.rf.83d9ba7096df46d1205cf42b945f6082.jpg,640,640,Left-Turn,194,260,249,282
IMG_8775_JPG.rf.8a3569d275b8d1e77c8b72a04fc9a683.jpg,640,640,Left-Turn,0,198,105,363
IMG_8775_JPG.rf.8a3569d275b8d1e77c8b72a04fc9a683.jpg,640,640,Right-Turn,327,258,624,351
IMG_8775_JPG.rf.8a3569d275b8d1e77c8b72a04fc9a683.jpg,640,640,straight,183,179,242,302
IMG_8749_JPG.rf.970d3c4f87a3e9b6a8856e374d2a25df.jpg,640,640,Left-Turn,0,222,468,443
IMG_8749_JPG.rf.970d3c4f87a3e9b6a8856e374d2a25df.jpg,640,640,Right-Turn,454,190,500,233
IMG_8749_JPG.rf.970d3c4f87a3e9b6a8856e374d2a25df.jpg,640,640,straight,350,181,420,274
IMG_8722_JPG.rf.964acddafb07b5c5685f5603fb28495d.jpg,640,640,Left-Turn,129,299,516,445
IMG_8722_JPG.rf.964acddafb07b5c5685f5603fb28495d.jpg,640,640,straight,314,259,633,526
WhatsApp-Image-2023-09-23-at-3-13-35-PM_jpeg.rf.8c52879bb92eeec36aaaa6ad591647ee.jpg,640,640,Right-Turn,457,194,626,243
WhatsApp-Image-2023-09-23-at-3-13-35-PM_jpeg.rf.8c52879bb92eeec36aaaa6ad591647ee.jpg,640,640,Left-Turn,263,205,405,280
IMG_8737_JPG.rf.bc08ddf892984b6f609e150b737ba2b7.jpg,640,640,straight,329,252,602,348
IMG_8737_JPG.rf.bc08ddf892984b6f609e150b737ba2b7.jpg,640,640,Left-Turn,61,342,640,408
IMG_8737_JPG.rf.bc08ddf892984b6f609e150b737ba2b7.jpg,640,640,unexpected,53,414,640,640
WhatsApp-Image-2023-09-23-at-3-13-36-PM-1-_jpeg.rf.b56951174af72f95526e286c4ace9964.jpg,640,640,Right-Turn,246,281,489,375
IMG_8783_JPG.rf.9e6d3b0cd7071193a2c97f2caf372af6.jpg,640,640,Right-Turn,173,224,603,348
WhatsApp-Image-2023-09-23-at-3-13-35-PM-1-_jpeg.rf.b5a6027bcb152cddc1ada203d5f53a7b.jpg,640,640,Left-Turn,145,213,358,299
WhatsApp-Image-2023-09-23-at-3-13-34-PM_jpeg.rf.b6afd1f13294e917c6307d58cf748338.jpg,640,640,Right-Turn,377,218,498,278
IMG_8752_JPG.rf.b28171005d3163d972943092a8dd27fe.jpg,640,640,unexpected,0,2,640,640
IMG_8727_JPG.rf.c1e1500d0b77eade04197a9b2cc5754d.jpg,640,640,Left-Turn,5,279,609,602
IMG_8727_JPG.rf.c1e1500d0b77eade04197a9b2cc5754d.jpg,640,640,straight,390,132,640,354
IMG_8781_JPG.rf.ceb0f3d5a011877c3f1d2cdaaac3d408.jpg,640,640,Left-Turn,40,230,442,342
IMG_8781_JPG.rf.ceb0f3d5a011877c3f1d2cdaaac3d408.jpg,640,640,straight,470,170,616,440
IMG_8784_JPG.rf.c562a897a459e5422c76cffe486e8899.jpg,640,640,Left-Turn,12,252,332,358
IMG_8782_JPG.rf.d68c8f2fca96dd5cf7ef2b5198d35612.jpg,640,640,Left-Turn,34,229,479,375
IMG_8743_JPG.rf.f21a43a01a610762fb62b2ef8b5eab13.jpg,640,640,unexpected,2,3,640,640
IMG_8728_JPG.rf.de5e58a8e9f838f113675c1a06550440.jpg,640,640,straight,172,76,511,459
WhatsApp-Image-2023-09-23-at-3-13-36-PM_jpeg.rf.d79d21e32c9a54dfa7c12ab620491bde.jpg,640,640,Right-Turn,172,268,453,392
IMG_8750_JPG.rf.e0882f06c7c7251f77430e0bcca652b2.jpg,640,640,unexpected,0,1,640,640
WhatsApp-Image-2023-09-23-at-3-13-36-PM-2-_jpeg.rf.eeb0181cbe72ab98d578501f80f79971.jpg,640,640,Left-Turn,190,292,362,379
WhatsApp-Image-2023-09-23-at-3-13-35-PM-3-_jpeg.rf.f593973e9b674039f80a64a3f4735472.jpg,640,640,Right-Turn,338,252,548,359
IMG_8733_JPG.rf.f33bb5d221a0d8069e460c653466c105.jpg,640,640,Left-Turn,38,443,400,578
IMG_8733_JPG.rf.f33bb5d221a0d8069e460c653466c105.jpg,640,640,straight,504,412,640,590
IMG_8765_JPG.rf.f493abc0ce88286a59bfc216b9195630.jpg,640,640,unexpected,3,6,640,640
IMG_8777_JPG.rf.f433bce7012e37dc036e232af199552e.jpg,640,640,straight,260,188,326,455
IMG_8721_JPG.rf.f827f7b1b7f3cb418e999443b2ba29d9.jpg,640,640,Left-Turn,0,362,320,568
IMG_8721_JPG.rf.f827f7b1b7f3cb418e999443b2ba29d9.jpg,640,640,straight,0,324,134,367
IMG_8757_JPG.rf.ed17e45ffd0ffcf248a8312f710728a4.jpg,640,640,Left-Turn,267,223,572,478
IMG_8757_JPG.rf.ed17e45ffd0ffcf248a8312f710728a4.jpg,640,640,straight,132,155,367,339
IMG_8746_JPG.rf.fda0e399c4e163befbc63e16fcd22fdb.jpg,640,640,Right-Turn,66,267,556,593
IMG_8746_JPG.rf.fda0e399c4e163befbc63e16fcd22fdb.jpg,640,640,straight,0,205,240,479
IMG_8780_JPG.rf.fc320b4f4dd7f7fa58d2f17f5634a039.jpg,640,640,Right-Turn,275,264,590,411
IMG_8780_JPG.rf.fc320b4f4dd7f7fa58d2f17f5634a039.jpg,640,640,Left-Turn,45,240,85,330